mfcc_0,mfcc_1,mfcc_2,mfcc_3,mfcc_4,mfcc_5,mfcc_6,mfcc_7,mfcc_8,mfcc_9,mfcc_10,mfcc_11,mfcc_12,chroma_0,chroma_1,chroma_2,chroma_3,chroma_4,chroma_5,chroma_6,chroma_7,chroma_8,chroma_9,chroma_10,chroma_11,spec_contrast_0,spec_contrast_1,spec_contrast_2,spec_contrast_3,spec_contrast_4,spec_contrast_5,spec_contrast_6,tempo,filename,track_id,title,artist_name,genre_top
-66.78069305419922,64.26179504394531,-9.776763916015623,11.287590980529783,-2.4191436767578125,9.037897109985352,-1.113318920135498,4.549839496612549,-5.305120944976807,0.2445274740457534,-9.495331764221191,2.582338333129883,-2.203631639480591,0.7470056414604187,0.4655714929103851,0.3769906759262085,0.346401572227478,0.276217520236969,0.2340396791696548,0.2729043364524841,0.419900506734848,0.3724835216999054,0.3583816289901733,0.3784001469612121,0.5157336592674255,16.032913765295977,15.43139923680712,17.92563631989747,17.80908586909766,17.891874750849258,17.152965584866923,46.97352919779366,[161.49902344],000002.mp3,2,,,
-105.9638900756836,86.3694839477539,13.00123691558838,23.29244804382324,-0.1442280560731887,11.994685173034668,-4.714580535888672,16.54711151123047,-5.4261980056762695,-0.8908576369285583,-1.0339826345443726,8.075075149536133,4.215068340301514,0.4089275598526001,0.5785119533538818,0.3983035683631897,0.341029554605484,0.3225764632225036,0.3288519084453583,0.372810959815979,0.3978347182273865,0.4881711900234222,0.4917796552181244,0.5078287720680237,0.4576639533042907,15.905099137017896,14.296140889903532,18.120681128107037,18.71431026825513,17.364066204780034,16.196913392770337,48.19623978199899,[99.38401442],000005.mp3,5,This World,AWOL,Hip-Hop
-16.811267852783203,93.612060546875,-47.82464218139648,31.57790756225586,-3.762670755386353,1.4105149507522583,-1.5081638097763062,1.884859561920166,-4.522624492645264,-0.2471391558647155,-8.496405601501465,1.502116084098816,-5.69439697265625,0.2836853861808777,0.6494188904762268,0.3306236565113067,0.3472917973995209,0.2314027845859527,0.3234382569789886,0.7007426619529724,0.3389849662780761,0.3810555040836334,0.3089782297611236,0.5693831443786621,0.3072685301303863,22.712528708294645,15.180099662531775,17.836264930233348,17.720274159290135,18.426531714196937,20.134215796797136,48.292859738651686,[112.34714674],000010.mp3,10,Freeway,Kurt Vile,Pop
-278.1531677246094,100.80628204345705,37.054447174072266,34.90519332885742,26.75294685363769,11.046149253845217,10.796271324157717,4.90057897567749,1.3271268606185913,6.392081737518311,-4.154795169830322,-2.221083164215088,-6.230343341827393,0.2428381741046905,0.270963579416275,0.3647718727588653,0.3458929061889648,0.3798617422580719,0.4332023859024048,0.2734304368495941,0.23401540517807,0.2007073312997818,0.2749693393707275,0.2947467565536499,0.2307075411081314,19.905672982310605,19.317976318931134,18.97034138168404,17.741323790021433,17.8638798691056,17.666278299374817,46.17638247262234,[107.66601562],000140.mp3,140,Queen Of The Wires,Alec K. Redfearn & the Eyesores,Folk
-208.30751037597656,116.04640197753906,-1.243543028831482,25.513240814208984,10.181234359741213,-4.6592206954956055,7.74548864364624,-5.591128826141357,0.4359116554260254,1.7552578449249268,-2.862807273864746,-3.865900039672852,-4.367316246032715,0.1641042530536651,0.1532022804021835,0.243001639842987,0.1867435425519943,0.2341062277555465,0.373786449432373,0.2429594695568084,0.225382924079895,0.2141106724739074,0.3854993283748626,0.5135802030563354,0.2143893837928772,21.729809012346703,18.94268107144384,23.338454169705027,21.542196036539725,19.35104995818456,22.209791579694123,46.63899987162068,[103.359375],000141.mp3,141,Ohio,Alec K. Redfearn & the Eyesores,Folk
8.258977890014648,126.05091857910156,-27.99076461791992,30.939363479614254,12.64789867401123,12.146719932556152,-1.5545101165771484,13.96546745300293,-0.3987482190132141,8.167108535766602,0.1568239480257034,6.457278728485107,0.4603901207447052,0.2358857095241546,0.2321987003087997,0.2203167676925659,0.3451586067676544,0.2548442482948303,0.2521317303180694,0.488326221704483,0.4473590850830078,0.4276487231254577,0.5054427981376648,0.3320018351078033,0.2434685081243515,17.075045064365998,13.94192280478575,13.2416036400136,15.401568485306166,20.628134801197817,18.881762798119077,47.93763678192391,[117.45383523],000148.mp3,148,Blackout 2,Contradiction,Experimental
-26.00397300720215,136.4747314453125,-60.45976257324219,43.27608108520508,-37.124542236328125,32.30711364746094,-4.252329349517822,13.66904354095459,12.085603713989258,7.21284818649292,12.30018424987793,12.26240348815918,3.363766431808472,0.3079776763916015,0.294975996017456,0.3578415215015411,0.4786447882652282,0.3099109232425689,0.4640468060970306,0.3919270038604736,0.4526379108428955,0.3216390013694763,0.3002809584140777,0.4774130582809448,0.2766839563846588,24.58771141285465,16.87659971800257,18.378634234042952,18.2990685805325,17.909670096449123,18.74169938148393,54.51738568289902,[143.5546875],000182.mp3,182,Jules Lost His Jewels,Ariel Pink's Haunted Graffiti,Rock
-139.5122833251953,96.58260345458984,-22.87027740478516,25.57906150817871,-7.452908039093018,-3.787983894348145,-21.77887916564941,-7.03345251083374,-19.863571166992188,-6.059109210968018,-16.007339477539062,-5.302087783813477,-8.1822509765625,0.2284305393695831,0.1515101194381714,0.2322732061147689,0.1997251063585281,0.3863518536090851,0.2811497151851654,0.2551562786102295,0.263169378042221,0.2613509893417358,0.3087397813796997,0.1538734883069992,0.217982992529869,24.281260353974623,19.809184664608463,24.61028523135138,24.10297888364044,24.02112989606477,23.81962188041121,51.17524142504372,[99.38401442],000190.mp3,190,Castle Of Stars,Ed Askew,Folk
-198.01873779296875,120.31737518310548,-29.39486122131348,35.39438247680664,-10.06450080871582,4.930168151855469,-13.594505310058594,-5.6105170249938965,-16.01197624206543,-8.161907196044922,-11.371817588806152,-5.357317924499512,-7.5002360343933105,0.2984625697135925,0.4164767265319824,0.3873977661132812,0.4702455401420593,0.4287865459918976,0.3259558975696563,0.3259295225143432,0.1920096427202224,0.3138329982757568,0.3035258948802948,0.294525533914566,0.2710514962673187,27.771214711813624,20.03542167007444,24.47073387186897,25.37176693223269,24.74001356189536,24.544151400890303,52.29017653181067,[95.703125],000193.mp3,193,Here With You,Ed Askew,Folk
-184.6121368408203,118.74082946777344,-26.510717391967773,29.065753936767575,-8.13318157196045,3.59765100479126,-12.242009162902832,-1.8428670167922971,-16.647686004638672,-5.960212230682373,-12.992630004882812,-2.8299314975738525,-8.447162628173828,0.2861947119235992,0.2988409996032715,0.3354277312755584,0.2412914335727691,0.41158527135849,0.3577413558959961,0.2389547675848007,0.2440613061189651,0.2979967594146728,0.4273191690444946,0.2602509558200836,0.2873227894306183,27.3363639893724,20.47281768314413,24.348707675800256,23.9938888921033,24.475500963135435,24.94811146203412,52.84202892332537,[103.359375],000194.mp3,194,All I want to Do,Ed Askew,Folk
-296.2906188964844,126.96947479248048,-11.064433097839355,17.68692970275879,-0.5898453593254089,-4.799647331237793,-7.695918560028076,-6.302616119384766,-10.073535919189451,-7.506361484527588,-7.795641899108887,-7.61733865737915,-5.711171627044678,0.4766988456249237,0.2934269905090332,0.3805031776428222,0.2688731551170349,0.3676464855670929,0.335042804479599,0.1426410228013992,0.128915935754776,0.1365820616483688,0.2713304162025451,0.1449467837810516,0.3384815752506256,23.3459998091903,19.390330482838625,23.738832115738457,25.51161083223224,25.549637063799214,25.0545418266758,51.092258704986136,[117.45383523],000197.mp3,197,Piano 2,Ed Askew,Folk
-122.23910522460938,102.79864501953124,-30.519062042236328,40.59838485717773,-10.096220016479492,1.3887022733688354,-12.195565223693848,-3.105085611343384,-10.733683586120604,-6.6995954513549805,-16.562448501586914,-8.268117904663086,-7.177764415740967,0.3683327436447143,0.3621962666511535,0.4416942596435547,0.378832459449768,0.4751032292842865,0.3157795965671539,0.2866389751434326,0.3847911655902862,0.2555615901947021,0.3182603120803833,0.262833833694458,0.41463503241539,28.480133661231267,18.250715988828297,22.69425504686048,22.14887385753928,22.10668902470508,23.45695259653125,52.9439308860338,[99.38401442],000200.mp3,200,Baby Come Home,Ed Askew,Folk
-267.04864501953125,123.4970703125,2.189521551132202,12.940072059631348,-19.17814064025879,-17.803224563598633,-21.06241607666016,-14.292016983032228,-23.150373458862305,-13.284433364868164,-18.255935668945312,-13.553189277648926,-2.6895456314086914,0.1568382978439331,0.2637419104576111,0.1860995143651962,0.1662609130144119,0.2086055427789688,0.1148730963468551,0.2167478948831558,0.0582395605742931,0.1058466508984565,0.4192404150962829,0.1607128232717514,0.2154828161001205,18.369193006231395,20.642345559610927,25.787979161593,25.41453290684931,24.183904962047396,22.307365881351128,49.55364008864039,[123.046875],000203.mp3,203,Song For R,Ed Askew,Folk
-163.85044860839844,121.3211669921875,-15.035816192626951,17.012907028198242,7.450286865234375,0.2113299071788787,-14.12711238861084,-9.380688667297363,-15.681947708129885,-5.379327774047852,-15.067232131958008,-2.6740524768829346,-12.930340766906738,0.1474357992410659,0.2731713652610779,0.361361563205719,0.1840431094169616,0.1554555743932724,0.1952437311410904,0.4881356358528137,0.3704014122486114,0.2333666980266571,0.345394879579544,0.2023502886295318,0.2451560944318771,18.163443211057075,19.81356535452866,23.64817852683684,22.45799559737701,23.20750084942925,21.134962646484382,47.5118286215566,[107.66601562],000204.mp3,204,My Dream,Ed Askew,Folk
-371.1177978515625,101.04061889648438,1.813872575759888,10.012372016906738,-7.317915439605713,-8.986126899719238,-9.462764739990234,-5.686403274536133,-7.516029834747314,-3.408648729324341,-2.3502352237701416,-4.050117492675781,-4.095438480377197,0.2661476731300354,0.1797502785921096,0.2099261581897735,0.1538398116827011,0.2474968433380127,0.2009253948926925,0.1482222378253936,0.2169944643974304,0.1179007887840271,0.1680029779672622,0.1882135719060897,0.4027980268001556,21.444402997340305,18.928439271088216,25.74616308638699,27.48328218134679,26.49083854392101,24.660236651106768,50.46677503026088,[123.046875],000207.mp3,207,Piano 3,Ed Askew,Folk
-104.01417541503906,109.0304183959961,-30.94306945800781,18.30373191833496,-5.62553071975708,-0.9494075179100036,-13.324254989624023,-0.6012824177742004,-17.136951446533203,-6.014092445373535,-15.05673885345459,-1.763322114944458,-10.486442565917969,0.2318865358829498,0.5180950164794922,0.4686338901519775,0.2434867471456527,0.3413221836090088,0.2392423152923584,0.4168643653392792,0.2824972569942474,0.2824542224407196,0.398599624633789,0.1965479850769043,0.2340343445539474,28.63837633312636,19.27106141010683,23.157185823645868,22.545725121255774,22.005512480535987,21.852245770579657,50.94825134671247,[95.703125],000210.mp3,210,In the French Court,Ed Askew,Folk
-129.2234344482422,126.0466079711914,-34.68517303466797,22.836715698242188,-13.058366775512695,-5.24688196182251,-15.887996673583984,-10.43881893157959,-21.00801658630371,-11.184243202209473,-14.309571266174316,-7.139994144439697,-8.396193504333496,0.2309629470109939,0.2942748963832855,0.5319549441337585,0.2327524572610855,0.242370069026947,0.2837077975273132,0.4976289868354797,0.3310443162918091,0.2031312137842178,0.2582171559333801,0.1442411392927169,0.3083415925502777,25.28181024675578,19.74507961273934,23.573043753788365,23.582399687949188,22.562145752764582,22.67789149699989,50.26530869349767,[99.38401442],000211.mp3,211,In America,Ed Askew,Folk
-110.08956146240234,102.70382690429688,11.440732955932615,15.548412322998049,12.660968780517578,2.7369697093963623,-0.521577775478363,1.5250210762023926,-9.223902702331545,-0.8064419627189636,-4.044992446899414,2.237441301345825,-1.9679805040359497,0.2700739502906799,0.3268828690052032,0.53731769323349,0.2602028846740722,0.2690960466861725,0.3042873442173004,0.5008286237716675,0.393687903881073,0.2678119838237762,0.3120771944522857,0.1982097029685974,0.3561894297599792,17.97222133072753,16.11321860969059,21.087568860626774,21.1852488242756,20.680410572623284,19.838962448845365,48.68829924067826,[99.38401442],000212.mp3,212,When I Arive,Ed Askew,Folk
-263.86492919921875,160.1286163330078,0.7556216716766357,14.809480667114258,12.257747650146484,-9.200400352478027,-10.54259967803955,0.7170183062553406,-7.993382453918457,-9.541598320007324,-11.443536758422852,-5.594189167022705,-4.268339157104492,0.1191552132368087,0.1804418265819549,0.3183721899986267,0.0971603393554687,0.0723133161664009,0.2277498543262481,0.6797968745231628,0.193611666560173,0.2837732434272766,0.6575718522071838,0.2634711265563965,0.2890592813491821,26.62244916074545,18.439371598763422,22.288007813533827,26.120059059560003,25.489279580552783,23.128030514744097,47.77973594318191,[143.5546875],000213.mp3,213,Boute,Au,Pop
-136.94378662109375,163.62388610839844,-20.820158004760746,17.844911575317383,-10.696928024291992,12.296598434448242,-9.265617370605469,-0.5809152126312256,-7.889366149902344,-1.8518941402435305,-2.674523115158081,-2.8914830684661865,-4.569880485534668,0.265597254037857,0.4362286031246185,0.5227706432342529,0.3371962904930115,0.3473754525184631,0.2789754569530487,0.3530071079730987,0.277028352022171,0.3645008206367492,0.6801042556762695,0.4210999011993408,0.3768746554851532,26.1313159560725,14.431875845764484,18.364649064774827,18.790874332424423,18.722244411768177,17.717452935355276,49.827448423879225,[123.046875],000255.mp3,255,We Want to be Old,Bird Names,Rock
30.166749954223636,99.97400665283205,-33.62477111816406,34.16020584106445,3.05588173866272,4.249949932098389,-1.841055512428284,8.919967651367188,2.158973455429077,3.1804797649383545,-0.3845338821411133,4.825906753540039,1.959017276763916,0.4956904649734497,0.5746141672134399,0.6300728917121887,0.5703917145729065,0.5160126090049744,0.4548846185207367,0.5049108266830444,0.5478051900863647,0.5452216863632202,0.6086090207099915,0.6495621800422668,0.5098991990089417,19.66317350687852,13.35937029290059,14.645806444509782,14.500504906444013,15.032188603157577,17.245769680793902,46.80013344231218,[123.046875],000256.mp3,256,Toggle,Black Elk,Rock
-255.66339111328125,116.2047348022461,46.256473541259766,17.725570678710938,21.096649169921875,20.03239631652832,-1.424917221069336,13.121795654296877,0.3329501450061798,2.494069099426269,2.8518483638763428,8.910481452941895,-1.6284054517745972,0.2394963502883911,0.2315394729375839,0.4036895036697387,0.5424200296401978,0.8279371857643127,0.6288654208183289,0.3519247472286224,0.2531262934207916,0.2227305024862289,0.1992702186107635,0.1851930916309356,0.2652729749679565,25.88330208742286,15.821526152045942,18.541161692753345,18.92671819471921,20.080951390350776,17.723309945804544,47.55257422263544,[135.99917763],000368.mp3,368,Vampires,Blah Blah Blah,Rock
-102.96212005615234,124.52782440185548,-57.432647705078125,46.52410507202149,-21.05953598022461,-1.9720208644866943,-20.888877868652344,-5.994406700134277,-21.26193618774414,-4.665812969207764,-3.9999401569366455,-0.5626634955406189,-14.013785362243652,0.2033603638410568,0.180927038192749,0.2286761105060577,0.7220930457115173,0.6751525402069092,0.2812075018882751,0.2631695866584778,0.2161449491977691,0.4424143433570862,0.2870029807090759,0.3141532242298126,0.5359088778495789,20.504003929790223,15.06253127905932,19.173657656560145,18.08061864918296,21.383107703520736,21.917113005939004,54.38190867252549,[99.38401442],000424.mp3,424,The Ambient Honky,Brian Joseph Davis,Experimental
5.8775954246521,109.1822509765625,-3.2875006198883057,26.0449333190918,12.1643705368042,13.33007526397705,0.8743442893028259,12.628679275512695,1.267687439918518,7.235198974609375,-3.154228925704956,3.8753604888916016,-0.339388757944107,0.3017757833003998,0.4459091424942016,0.8623384833335876,0.5545456409454346,0.3275454044342041,0.3616421222686767,0.4664228558540344,0.4621799290180206,0.2944901883602142,0.4078456461429596,0.3050704300403595,0.4965973794460296,20.24752293528701,15.515097256644664,18.3540397544504,19.18283396463788,19.110163425662613,16.084805982607165,46.58906346205366,[95.703125],000459.mp3,459,Machines and Muscles,CAVE,Rock
-259.6943664550781,150.06382751464844,34.30824661254883,54.39418411254883,-13.192789077758787,3.8903939723968506,11.928771018981934,-16.344310760498047,-5.835248947143555,-0.3051362633705139,-5.337705612182617,-4.888522148132324,-7.880688190460205,0.1941921114921569,0.1392253339290619,0.2602774202823639,0.4797387719154358,0.2286548316478729,0.1862930208444595,0.1735304892063141,0.2928327918052673,0.3874672353267669,0.3908889889717102,0.5088697075843811,0.2703824043273926,15.52031961754222,16.394771496225534,21.074773316052507,18.7199138072415,17.589607397163203,21.61390666700073,46.219378764372806,[151.99908088],000534.mp3,534,I Can See You,Charles Manson,Folk
-205.5589141845703,137.50527954101562,-3.9164013862609854,55.90645599365234,-7.892374038696289,-1.684938907623291,13.009443283081056,-10.719624519348145,-16.96033477783203,-1.0430505275726318,1.7869490385055542,-2.3091847896575928,-10.652904510498049,0.1962911933660507,0.1823793053627014,0.1790107935667038,0.3162964284420013,0.1727468967437744,0.2059913426637649,0.1800789535045623,0.4095400273799896,0.7544103264808655,0.3350420892238617,0.1375686079263687,0.1339094340801239,15.1666083046857,16.023243577916833,21.33747418943897,18.604007336678176,18.9450380162438,24.08695080225877,46.647689194292695,[143.5546875],000540.mp3,540,The Black Pirate,Charles Manson,Folk
-224.2866973876953,149.19085693359375,-0.5500520467758179,52.67789077758789,-15.647808074951172,-3.649064540863037,18.513261795043945,-5.949929714202881,-14.18348503112793,-1.2737783193588257,-4.260521411895752,5.30491828918457,-13.160999298095703,0.2042061388492584,0.1870690584182739,0.2965079247951507,0.3552851974964142,0.2285829931497573,0.2784205079078674,0.4351801872253418,0.4615605175495147,0.3444249927997589,0.2609180808067322,0.2098449170589447,0.2041683942079544,14.79143766627128,15.971375745449793,19.01035903049345,18.851079927015903,18.320837243076472,27.619305807926267,46.649125214108864,[103.359375],000546.mp3,546,If You Have No One,Charles Manson,Folk
34.43745803833008,84.72505187988281,-16.151132583618164,20.11090660095215,5.904735565185547,-2.117347002029419,-12.10068130493164,2.8956503868103027,-6.882562160491943,3.7336585521698,-2.07857084274292,0.6968440413475037,-7.729174613952637,0.3585841357707977,0.406901866197586,0.4063546657562256,0.5444530248641968,0.4733289182186126,0.3914303183555603,0.4578034281730652,0.4258769452571869,0.5936206579208374,0.4476963579654693,0.3906913101673126,0.3996734321117401,22.078964702190092,13.753618469326632,16.0689479148124,15.753916408662906,17.10079128423054,16.70970227742047,48.776899936037694,[123.046875],000574.mp3,574,Caliente Queen,Clockcleaner,Rock
-400.3229064941406,171.73196411132812,25.713815689086918,21.74574089050293,20.03904151916504,4.416425704956055,-0.8448547720909119,-8.318849563598633,-16.787017822265625,-15.0917329788208,-14.57643985748291,-16.165346145629883,-10.849007606506348,0.1041231304407119,0.2394216805696487,0.553255558013916,0.2144303321838379,0.2493561506271362,0.5232354402542114,0.160462275147438,0.0824109986424446,0.1166101917624473,0.2886359989643097,0.1858976334333419,0.1405443698167801,23.64467233644404,20.758481378419223,24.68537971166329,22.87125133703677,21.87775407931696,19.903500138231625,45.97523677245211,[151.99908088],000602.mp3,602,Disappearing,Dora Bleu,Folk
-447.2463684082031,197.8058013916016,84.25057983398438,42.29854965209961,15.88469409942627,5.608630657196045,-2.2166097164154053,-0.1125346571207046,0.8455043435096741,-0.1867982447147369,-3.4946134090423584,-4.995185852050781,-9.955568313598633,0.1522821187973022,0.0904998704791069,0.0511013083159923,0.1375504285097122,0.1800297647714615,0.0815656185150146,0.0815616697072982,0.5683090090751648,0.9974415302276612,0.3669023811817169,0.0417257398366928,0.0607199817895889,30.19260889847924,21.29049971342489,23.09289777329272,23.17962781935901,21.62891260274954,17.59927830254044,43.064078486514745,[117.45383523],000615.mp3,615,"Immaterial, side A",EKG,Experimental
-161.60647583007812,103.4032745361328,-2.742183208465576,23.88797378540039,5.129904747009277,-0.1954028457403183,-6.8307719230651855,-0.8736733794212341,-11.26475429534912,-8.52134895324707,-12.063763618469238,-4.538933753967285,-7.35322380065918,0.2151798754930496,0.1156529933214187,0.2189795821905136,0.1240789294242858,0.2767508327960968,0.1682604849338531,0.1798347681760788,0.318364143371582,0.4111237823963165,0.780810534954071,0.3403784036636352,0.285317450761795,19.70568876671609,19.70338212253051,21.39036977067388,22.17141778050462,21.821004303090984,19.818550027188728,47.72549510224231,[135.99917763],000620.mp3,620,Arabesque,Ed Askew,Folk
-117.21344757080078,110.19398498535156,-23.290929794311523,21.87103271484375,-9.07106590270996,5.29826021194458,-16.939472198486328,-2.818161964416504,-18.929994583129883,-5.6888580322265625,-13.414289474487305,-11.593607902526855,-12.043353080749512,0.2619801461696625,0.139331579208374,0.2630000710487366,0.234525978565216,0.4126339554786682,0.2196531593799591,0.4063305556774139,0.3859806954860687,0.221531867980957,0.2710853815078735,0.2458947598934173,0.4665459394454956,26.696230215904617,19.12404231420916,23.256989144036652,25.85593895124896,23.51065885214934,22.78444371875201,52.38393462396569,[99.38401442],000621.mp3,621,Blue Eyed Baby,Ed Askew,Folk
-123.42266082763672,112.54698181152344,-24.58646011352539,18.330198287963867,0.175989493727684,0.4731375277042389,-9.422779083251951,-10.417802810668944,-12.304462432861328,-2.0642781257629395,-8.625225067138672,-5.848972797393799,-8.887990951538086,0.5783006548881531,0.2793993055820465,0.2165589481592178,0.1275423765182495,0.2941189706325531,0.3572118580341339,0.2794513404369354,0.3859729170799255,0.1729103326797485,0.1968869864940643,0.1619681417942047,0.2150962352752685,24.016643484363797,19.446757341801064,23.92794100214561,25.080194160916385,24.275303206568783,24.4025177127279,50.60952243329952,[92.28515625],000625.mp3,625,Climbing To The Top,Ed Askew,Folk
-96.77127075195312,144.79200744628906,-41.91682052612305,58.83659744262695,-37.41310119628906,20.73510360717773,-17.522315979003906,8.564990043640137,-11.595974922180176,-6.899571418762207,-11.286646842956545,-9.748167991638184,-7.118821620941162,0.4093219637870788,0.2488246262073516,0.3770652115345001,0.6015273928642273,0.4568012952804565,0.5746865272521973,0.3079897463321686,0.243220180273056,0.2623230516910553,0.2406873703002929,0.3839519321918487,0.3370762765407562,19.116819443590344,14.52345895953134,15.413417970257203,18.115151145394485,16.819394646402447,16.84089936632424,58.85943932158837,[129.19921875],000666.mp3,666,Heat,Explode Into Colors,International
-84.8764419555664,125.98757934570312,-36.076934814453125,59.8353157043457,-48.23793411254883,23.74789810180664,-18.876840591430664,7.329677104949951,-13.779606819152832,-2.093052864074707,-6.33951473236084,-0.9611416459083556,-7.272877693176269,0.3707344830036163,0.4357541799545288,0.4835712909698486,0.655587911605835,0.4623467028141022,0.539154052734375,0.704933226108551,0.5277347564697266,0.3056418299674988,0.2406629621982574,0.3199375569820404,0.4804740846157074,23.76166607913028,12.775342164617827,15.497237325303583,15.862997370125129,14.827730229222045,15.79598695759076,59.71457829152753,[117.45383523],000667.mp3,667,Sharpen The Knife,Explode Into Colors,International
-102.52069854736328,102.1276626586914,28.49225425720215,24.23061180114746,8.751779556274414,13.169269561767578,2.2658302783966064,24.054954528808597,-9.874290466308594,0.3182334303855896,-6.808640003204346,-3.350510597229004,2.490151882171631,0.3485499024391174,0.2169096320867538,0.2581195831298828,0.2763784527778625,0.253796249628067,0.3134613335132599,0.3300663232803345,0.4046399295330047,0.4294342696666717,0.4260862469673157,0.4564361274242401,0.4006758034229278,20.95903392566574,17.293338028867257,21.937365615758186,21.93726189788301,18.37132917983694,18.6068192223555,46.79622999757776,[95.703125],000676.mp3,676,The Tension,Fanatic,Hip-Hop
-12.373920440673828,67.11760711669922,-47.262454986572266,59.98280334472656,15.456128120422363,24.901498794555664,11.001297950744627,9.881911277770996,9.98884105682373,1.4193952083587646,-1.4799470901489258,7.464789867401123,-2.693775177001953,0.4450157880783081,0.5113017559051514,0.4725667536258697,0.4352403283119201,0.5205637216567993,0.5576635599136353,0.6139340400695801,0.6262097358703613,0.5510373115539551,0.4988130629062652,0.5248330235481262,0.4880462288856506,20.609162888981057,13.877337327023708,14.603473763880928,16.49477143159187,16.91169031266082,18.963458772132643,47.83480557291885,[135.99917763],000690.mp3,690,Cataclysm,Flying Luttenbachers,Rock
-65.66793060302734,62.11887741088867,5.097812652587891,15.951896667480469,10.618124961853027,10.17156219482422,-6.48669958114624,8.938889503479004,-5.436907768249512,4.300424098968506,0.1241726204752922,5.659374713897705,-1.40158212184906,0.4320569038391113,0.4315451681613922,0.3894543349742889,0.3751211166381836,0.3937309980392456,0.4399313926696777,0.4894225299358368,0.4952373206615448,0.4492478668689728,0.4247038066387176,0.3970323204994201,0.384682297706604,18.71674751984423,14.254799650990975,17.10633102328187,15.351843349898443,16.495165896650075,15.376751503601032,47.17196634111215,[112.34714674],000694.mp3,694,Planet Say (featuring Faust),Food For Animals,Hip-Hop
-37.280052185058594,70.34362030029297,-11.415428161621094,17.624418258666992,-5.322255611419678,12.034173965454102,11.399487495422363,6.493824481964111,3.369283676147461,7.570011615753174,3.002126932144165,11.435121536254885,3.773480176925659,0.4851773977279663,0.4416922926902771,0.4525581300258636,0.512021541595459,0.6088895201683044,0.5069923996925354,0.413318395614624,0.3785719275474548,0.3875515758991241,0.4004078209400177,0.3849450051784515,0.4532076418399811,17.419180677152895,13.079849108049096,16.366851403479657,16.95965731292352,17.187565429931436,17.998267955782442,47.28744112940673,[198.76802885],000695.mp3,695,Elephants,Food For Animals,Hip-Hop
-21.781604766845703,50.94411849975586,0.835124135017395,22.67267227172852,20.42536354064941,15.07700252532959,0.2386014610528946,6.401050090789795,1.9612212181091309,7.856196403503418,0.5717265009880066,5.316493988037109,-4.38561487197876,0.4660035073757171,0.3997742831707001,0.3887166678905487,0.322916716337204,0.3277089893817901,0.3545033037662506,0.3871978223323822,0.4659363329410553,0.3876320123672485,0.3666931986808777,0.3461620211601257,0.4528641700744629,23.928376195212056,16.797653304321088,19.742282462836823,18.97082630286285,20.399020946780784,17.811572555508334,47.52064990373314,[135.99917763],000704.mp3,704,Mano De Dios,Fósforo,International
-17.746353149414062,51.12417602539063,3.933664083480835,17.75772476196289,5.357843399047852,20.393266677856445,4.561145782470703,16.612157821655273,0.7216802835464478,2.728076934814453,0.9341003894805908,9.4740629196167,-2.4560935497283936,0.3738594055175781,0.5254868268966675,0.5764788389205933,0.4387264847755432,0.4214076995849609,0.386992871761322,0.4399589002132416,0.3670887947082519,0.3551889657974243,0.3980524241924286,0.3262460827827453,0.4022009372711181,25.57741872860801,14.525292216355409,18.34491155948854,19.03515791036615,20.23302292245829,17.580369952921195,48.367751309266,[92.28515625],000705.mp3,705,Tio Cocodrilo,Fósforo,International
-8.658197402954102,53.34418487548828,19.958158493041992,27.810562133789062,0.1889143884181976,16.2236385345459,-13.59082317352295,9.752067565917969,2.066342830657959,8.481060028076172,5.038647651672363,1.3104360103607178,-3.480087757110596,0.4650939404964447,0.3654564619064331,0.3050364553928375,0.4504109621047973,0.3901777565479278,0.4009470641613006,0.334792286157608,0.3992138206958771,0.4282268583774566,0.3428810238838196,0.2906774282455444,0.3014805912971496,24.13001382879161,15.037474814531022,19.34338132577133,18.26863819038949,18.84059225911145,18.25756745596747,49.290690338179,[172.265625],000706.mp3,706,Esto Es Califas,Fósforo,International
-69.2037124633789,58.70227813720703,-18.93347930908203,72.5243911743164,16.128755569458008,9.134873390197754,7.484806060791016,10.98463535308838,3.1742117404937744,-0.5363430380821228,-6.340021133422852,7.686048984527588,-7.0732502937316895,0.1916933357715606,0.344594269990921,0.4103551805019378,0.4211196005344391,0.5157543420791626,0.5198121070861816,0.4782190918922424,0.4363013803958893,0.4662704765796661,0.4411996006965637,0.2355200797319412,0.2147115170955658,29.480785056318,15.521780617356642,18.96738277731271,17.65070259501253,19.835248445828725,23.441617846263075,49.11266813798859,[135.99917763],000707.mp3,707,Cochabamba,Fósforo,International
-56.42606735229492,82.70416259765625,25.10198974609375,44.05788803100586,6.826147556304932,1.8762413263320925,0.1247152015566825,13.239073753356934,0.3557894825935364,-0.9390193819999696,-2.642648220062256,7.419505596160889,-0.8875982165336609,0.5529395937919617,0.4922805428504944,0.4907223284244537,0.2932461202144623,0.2784591317176819,0.2899300754070282,0.3919960558414459,0.4923014938831329,0.4597211480140686,0.4319128394126892,0.4432581067085266,0.5260406732559204,24.09731185637793,14.67594813387724,17.00181286550723,16.742564157942645,21.16262807947645,18.29253954963051,47.65596100214666,[172.265625],000708.mp3,708,Desconocido,Fósforo,International
-64.81737518310547,87.45680236816406,2.827233076095581,20.07355308532715,-1.008334994316101,9.179072380065918,-12.27400016784668,5.405509471893311,-1.5522981882095337,4.345435619354248,5.624481201171875,7.611200332641602,-2.203392744064331,0.3662945628166199,0.3210395276546478,0.4160990118980407,0.4572136998176574,0.285804808139801,0.2852280437946319,0.3412087857723236,0.5156236290931702,0.3380334377288818,0.224047303199768,0.2269393354654312,0.2644487619400024,24.21870883329811,15.245869798512912,21.22537256947472,20.776084953207658,19.81209915168408,18.06379351640308,47.85478743118831,[92.28515625],000709.mp3,709,Cumbia De Obama,Fósforo,International
-116.93730926513672,130.13186645507812,9.132439613342283,49.30474090576172,8.336661338806152,-10.22938060760498,13.756635665893556,-7.702997207641602,1.4104610681533811,1.5632920265197754,9.355648040771484,3.991382598876953,-6.052060604095459,0.1712806820869445,0.1644722819328308,0.3547186255455017,0.5585411787033081,0.6098761558532715,0.1453165113925933,0.0848321169614791,0.0615697093307971,0.1455437093973159,0.3009491860866546,0.7052174806594849,0.5285874009132385,31.87970027774938,16.116235666950942,19.843741242179203,22.10266364268724,22.40488330165194,23.273921163921177,52.462071180650085,[129.19921875],000714.mp3,714,Circle Moon,Fursaxa,Folk
-220.6683349609375,190.1570281982422,0.6641578078269958,-2.6288399696350098,-10.610316276550291,-4.036554336547852,-11.515010833740234,2.1688895225524902,-8.556474685668945,-12.047454833984377,-1.872485637664795,-10.845836639404297,-20.047632217407227,0.1763206422328949,0.0402221381664276,0.0250832457095384,0.0410005636513233,0.0619849115610122,0.1368569135665893,0.3755990862846374,0.1554105579853058,0.1531812697649002,0.6748666167259216,0.3290330767631531,0.3132322132587433,27.48845915033242,14.222818091754808,23.23782708890983,23.51137817026746,19.151158009044767,18.967624074162966,49.014599210812825,[135.99917763],000715.mp3,715,Kokopelli,Fursaxa,Folk
-107.41978454589844,164.8703155517578,-36.171531677246094,44.51982879638672,-20.20747947692871,-9.757450103759766,1.093596339225769,1.6688133478164673,-7.705718040466309,-19.71882438659668,-19.49786758422852,3.592984199523926,-0.7596290707588196,0.7420398592948914,0.2725133299827575,0.3137099742889404,0.4510997831821441,0.1968464702367782,0.115556001663208,0.1549576520919799,0.4259305000305176,0.2674217522144317,0.2264342904090881,0.2904457151889801,0.2966143190860748,29.540251153884554,15.319586819880133,19.85266590230924,21.21481239522879,21.497755900324385,24.94124210444535,47.2228299469175,[135.99917763],000716.mp3,716,Saxalainen,Fursaxa,Folk
-89.7886962890625,47.00892639160156,-4.948977947235107,9.08417510986328,-31.99325561523437,-15.8801851272583,-13.834555625915527,4.355370044708252,-17.629018783569336,-18.88423538208008,-10.328784942626951,-0.7399682998657227,-14.19178581237793,0.2263064980506897,0.2085937857627868,0.1836348325014114,0.1542445719242096,0.1393854916095733,0.1664486080408096,0.3624054193496704,0.3813464939594269,0.3508763611316681,0.4057726860046386,0.494526207447052,0.3827132284641266,26.8092388456224,20.657784400044008,22.604887883115683,21.76841870106027,16.558839936706814,14.723220882629914,52.39423710078344,[107.66601562],000718.mp3,718,Song Of The Spindle Berry,Fursaxa,Folk
-171.2299346923828,82.29711151123047,11.35179042816162,29.36079406738281,1.9199954271316528,29.06236457824707,-0.5356723070144653,7.788938522338867,-0.2125710695981979,4.348020076751709,1.5552889108657837,4.068566799163818,2.187204122543335,0.29368457198143,0.3114711344242096,0.4407537877559662,0.4278346002101898,0.4022657871246338,0.4771357476711273,0.4761993288993835,0.5389379262924194,0.4912138283252716,0.4606287181377411,0.3875702917575836,0.3153376877307892,22.13404469633733,14.1291802253454,16.224153355616927,17.677880736641388,16.41416236950336,15.67186334697734,46.71399573948233,[83.35433468],000777.mp3,777,Relaxing,Glove Compartment,Rock
